[{"id":1,"name":"Plastic Arrow Stir Stick","price":"$659.38"},
{"id":2,"name":"Heavy Duty Dust Pan","price":"$575.60"},
{"id":3,"name":"Beef - Top Sirloin - Aaa","price":"$904.82"},
{"id":4,"name":"Nacho Chips","price":"$712.58"},
{"id":5,"name":"Tahini Paste","price":"$229.20"},
{"id":6,"name":"Cheese - Provolone","price":"$256.32"},
{"id":7,"name":"Ecolab - Hobart Upr Prewash Arm","price":"$375.30"},
{"id":8,"name":"Water - Spring Water 500ml","price":"$16.69"},
{"id":9,"name":"Wine - Magnotta - Pinot Gris Sr","price":"$871.45"},
{"id":10,"name":"Beer - Mill St Organic","price":"$993.75"},
{"id":11,"name":"Juice - Pineapple, 48 Oz","price":"$277.80"},
{"id":12,"name":"Sugar - Sweet N Low, Individual","price":"$828.82"},
{"id":13,"name":"Drambuie","price":"$247.13"},
{"id":14,"name":"Sugar - Monocystal / Rock","price":"$332.88"},
{"id":15,"name":"Lettuce - Radicchio","price":"$454.67"},
{"id":16,"name":"Tomatoes - Diced, Canned","price":"$407.37"},
{"id":17,"name":"Bread Base - Gold Formel","price":"$466.17"},
{"id":18,"name":"Water - Aquafina Vitamin","price":"$449.14"},
{"id":19,"name":"Flour - Strong Pizza","price":"$702.83"},
{"id":20,"name":"Ice Cream Bar - Rolo Cone","price":"$548.47"},
{"id":21,"name":"Roe - White Fish","price":"$383.10"},
{"id":22,"name":"Lentils - Green, Dry","price":"$994.62"},
{"id":23,"name":"Fish - Artic Char, Cold Smoked","price":"$888.38"},
{"id":24,"name":"Radish - Pickled","price":"$755.60"},
{"id":25,"name":"Spoon - Soup, Plastic","price":"$941.83"},
{"id":26,"name":"Capon - Breast, Wing On","price":"$979.81"},
{"id":27,"name":"Flour - Teff","price":"$194.75"},
{"id":28,"name":"Pear - Asian","price":"$638.47"},
{"id":29,"name":"Pectin","price":"$939.20"},
{"id":30,"name":"Beer - True North Lager","price":"$509.55"},
{"id":31,"name":"Beef - Prime Rib Aaa","price":"$506.27"},
{"id":32,"name":"Syrup - Monin, Swiss Choclate","price":"$837.83"},
{"id":33,"name":"Veal - Loin","price":"$688.31"},
{"id":34,"name":"Lamb - Whole Head Off","price":"$762.43"},
{"id":35,"name":"Pepper - Cayenne","price":"$653.17"},
{"id":36,"name":"Garlic Powder","price":"$96.08"},
{"id":37,"name":"Soup V8 Roasted Red Pepper","price":"$666.25"},
{"id":38,"name":"Triple Sec - Mcguinness","price":"$566.19"},
{"id":39,"name":"Gatorade - Orange","price":"$33.65"},
{"id":40,"name":"Cake - Mini Potato Pancake","price":"$875.08"},
{"id":41,"name":"Wine - Red, Wolf Blass, Yellow","price":"$99.66"},
{"id":42,"name":"Juice - Cranberry 284ml","price":"$563.78"},
{"id":43,"name":"Apple - Delicious, Red","price":"$927.76"},
{"id":44,"name":"Cheese - Mozzarella, Buffalo","price":"$730.92"},
{"id":45,"name":"Bols Melon Liqueur","price":"$766.26"},
{"id":46,"name":"Turkey - Breast, Double","price":"$907.36"},
{"id":47,"name":"Orange Roughy 6/8 Oz","price":"$161.74"},
{"id":48,"name":"Coffee - Hazelnut Cream","price":"$16.64"},
{"id":49,"name":"Tart - Lemon","price":"$539.47"},
{"id":50,"name":"Bonito Flakes - Toku Katsuo","price":"$967.41"},
{"id":51,"name":"Vodka - Lemon, Absolut","price":"$895.26"},
{"id":52,"name":"Pastry - Banana Muffin - Mini","price":"$745.71"},
{"id":53,"name":"Cheese - Grie Des Champ","price":"$570.67"},
{"id":54,"name":"Red Snapper - Fillet, Skin On","price":"$680.27"},
{"id":55,"name":"Wine - Beringer Founders Estate","price":"$571.70"},
{"id":56,"name":"Pork Salted Bellies","price":"$122.68"},
{"id":57,"name":"Chicken - Breast, 5 - 7 Oz","price":"$753.23"},
{"id":58,"name":"Lamb - Shoulder","price":"$354.06"},
{"id":59,"name":"Spice - Paprika","price":"$694.28"},
{"id":60,"name":"Yogurt - Raspberry, 175 Gr","price":"$335.17"},
{"id":61,"name":"Blouse / Shirt / Sweater","price":"$525.91"},
{"id":62,"name":"Pasta - Lasagna, Dry","price":"$619.47"},
{"id":63,"name":"Dikon","price":"$238.95"},
{"id":64,"name":"Dc - Sakura Fu","price":"$749.47"},
{"id":65,"name":"Beef - Top Sirloin - Aaa","price":"$500.72"},
{"id":66,"name":"Energy Drink Bawls","price":"$568.55"},
{"id":67,"name":"Yogurt - Peach, 175 Gr","price":"$576.48"},
{"id":68,"name":"Soup V8 Roasted Red Pepper","price":"$965.18"},
{"id":69,"name":"Corn Kernels - Frozen","price":"$228.18"},
{"id":70,"name":"Beer - Rickards Red","price":"$306.29"},
{"id":71,"name":"Haggis","price":"$808.12"},
{"id":72,"name":"Baking Powder","price":"$994.37"},
{"id":73,"name":"Chinese Foods - Plain Fried Rice","price":"$115.97"},
{"id":74,"name":"Pepper - Jalapeno","price":"$536.83"},
{"id":75,"name":"Napkin White","price":"$614.57"},
{"id":76,"name":"Canadian Emmenthal","price":"$552.15"},
{"id":77,"name":"Pastry - Cherry Danish - Mini","price":"$542.15"},
{"id":78,"name":"Sauce - Alfredo","price":"$163.13"},
{"id":79,"name":"Blueberries","price":"$493.28"},
{"id":80,"name":"Wine - Sake","price":"$465.81"},
{"id":81,"name":"Yogurt - Cherry, 175 Gr","price":"$195.17"},
{"id":82,"name":"Soap - Pine Sol Floor Cleaner","price":"$22.18"},
{"id":83,"name":"Wine - Vovray Sec Domaine Huet","price":"$105.30"},
{"id":84,"name":"Creme De Cacao Mcguines","price":"$65.97"},
{"id":85,"name":"Sparkling Wine - Rose, Freixenet","price":"$804.12"},
{"id":86,"name":"Noodles - Steamed Chow Mein","price":"$349.74"},
{"id":87,"name":"Coffee - Dark Roast","price":"$666.32"},
{"id":88,"name":"Coconut Milk - Unsweetened","price":"$223.67"},
{"id":89,"name":"Cheese - Parmesan Grated","price":"$586.41"},
{"id":90,"name":"Split Peas - Yellow, Dry","price":"$427.91"},
{"id":91,"name":"Pear - Asian","price":"$915.97"},
{"id":92,"name":"Creme De Menthe Green","price":"$48.49"},
{"id":93,"name":"Alize Sunset","price":"$568.03"},
{"id":94,"name":"Nut - Pumpkin Seeds","price":"$483.90"},
{"id":95,"name":"Paper Cocktail Umberlla 80 - 180","price":"$540.35"},
{"id":96,"name":"Carbonated Water - Orange","price":"$24.28"},
{"id":97,"name":"Southern Comfort","price":"$170.59"},
{"id":98,"name":"Tomatillo","price":"$418.41"},
{"id":99,"name":"Island Oasis - Peach Daiquiri","price":"$288.80"},
{"id":100,"name":"Smoked Tongue","price":"$723.94"},
{"id":101,"name":"Cake - Sheet Strawberry","price":"$413.82"},
{"id":102,"name":"Wine - White Cab Sauv.on","price":"$218.67"},
{"id":103,"name":"Cookie Dough - Peanut Butter","price":"$184.03"},
{"id":104,"name":"Lid - Translucent, 3.5 And 6 Oz","price":"$217.55"},
{"id":105,"name":"Energy Drink Red Bull","price":"$686.43"},
{"id":106,"name":"Cheese - Gorgonzola","price":"$459.07"},
{"id":107,"name":"Celery","price":"$891.66"},
{"id":108,"name":"Lettuce - Boston Bib - Organic","price":"$928.83"},
{"id":109,"name":"Wine - Fino Tio Pepe Gonzalez","price":"$308.88"},
{"id":110,"name":"Artichoke - Fresh","price":"$911.98"},
{"id":111,"name":"Yucca","price":"$246.81"},
{"id":112,"name":"Nut - Peanut, Roasted","price":"$786.49"},
{"id":113,"name":"Table Cloth 90x90 White","price":"$66.14"},
{"id":114,"name":"Phyllo Dough","price":"$794.03"},
{"id":115,"name":"Lambcasing","price":"$498.81"},
{"id":116,"name":"Wine - Wyndham Estate Bin 777","price":"$388.01"},
{"id":117,"name":"Vaccum Bag - 14x20","price":"$522.87"},
{"id":118,"name":"Glass - Juice Clear 5oz 55005","price":"$973.72"},
{"id":119,"name":"Wine - Alicanca Vinho Verde","price":"$523.57"},
{"id":120,"name":"Crackers - Melba Toast","price":"$712.53"},
{"id":121,"name":"Gooseberry","price":"$328.26"},
{"id":122,"name":"Lamb - Leg, Diced","price":"$63.10"},
{"id":123,"name":"Pepper - White, Whole","price":"$63.89"},
{"id":124,"name":"Syrup - Monin, Irish Cream","price":"$372.63"},
{"id":125,"name":"Liqueur Banana, Ramazzotti","price":"$765.58"},
{"id":126,"name":"Bag Stand","price":"$45.42"},
{"id":127,"name":"Wine - Malbec Trapiche Reserve","price":"$243.34"},
{"id":128,"name":"Plaintain","price":"$366.97"},
{"id":129,"name":"Pork - Inside","price":"$200.10"},
{"id":130,"name":"Triple Sec - Mcguinness","price":"$905.40"},
{"id":131,"name":"Sobe - Orange Carrot","price":"$16.77"},
{"id":132,"name":"Puree - Kiwi","price":"$445.98"},
{"id":133,"name":"Beer - Rickards Red","price":"$755.10"},
{"id":134,"name":"Compound - Orange","price":"$869.78"},
{"id":135,"name":"Carbonated Water - Cherry","price":"$687.48"},
{"id":136,"name":"Venison - Racks Frenched","price":"$55.64"},
{"id":137,"name":"Butter - Salted, Micro","price":"$897.86"},
{"id":138,"name":"Pasta - Orzo, Dry","price":"$427.05"},
{"id":139,"name":"Corn - Mini","price":"$125.14"},
{"id":140,"name":"Phyllo Dough","price":"$773.17"},
{"id":141,"name":"Gin - Gilbeys London, Dry","price":"$203.12"},
{"id":142,"name":"Amaretto","price":"$136.23"},
{"id":143,"name":"Quail - Eggs, Fresh","price":"$537.95"},
{"id":144,"name":"Tuna - Salad Premix","price":"$466.72"},
{"id":145,"name":"Yogurt - Blueberry, 175 Gr","price":"$731.98"},
{"id":146,"name":"Broom - Corn","price":"$971.70"},
{"id":147,"name":"Appetizer - Spring Roll, Veg","price":"$117.11"},
{"id":148,"name":"Pork - Sausage Casing","price":"$653.30"},
{"id":149,"name":"Kippers - Smoked","price":"$529.56"},
{"id":150,"name":"Rum - Coconut, Malibu","price":"$242.05"},
{"id":151,"name":"Lettuce - Spring Mix","price":"$38.26"},
{"id":152,"name":"Oil - Olive","price":"$424.69"},
{"id":153,"name":"Tart Shells - Savory, 4","price":"$945.57"},
{"id":154,"name":"Wine - Prosecco Valdobiaddene","price":"$264.99"},
{"id":155,"name":"Gherkin - Sour","price":"$917.88"},
{"id":156,"name":"Nantucket Apple Juice","price":"$122.33"},
{"id":157,"name":"Wine - Chablis J Moreau Et Fils","price":"$10.67"},
{"id":158,"name":"Pepper - Chili Powder","price":"$582.28"},
{"id":159,"name":"Wine - Sauvignon Blanc Oyster","price":"$245.15"},
{"id":160,"name":"Mushrooms - Honey","price":"$582.62"},
{"id":161,"name":"Juice - Apple, 341 Ml","price":"$303.84"},
{"id":162,"name":"Pork Ham Prager","price":"$542.60"},
{"id":163,"name":"Nantuket Peach Orange","price":"$189.77"},
{"id":164,"name":"Sugar - Icing","price":"$605.46"},
{"id":165,"name":"Jam - Strawberry, 20 Ml Jar","price":"$475.32"},
{"id":166,"name":"Butter - Unsalted","price":"$84.24"},
{"id":167,"name":"Mushroom - Shitake, Dry","price":"$88.93"},
{"id":168,"name":"Bread - Triangle White","price":"$250.27"},
{"id":169,"name":"Soup - Campbells - Tomato","price":"$787.41"},
{"id":170,"name":"Wine - Two Oceans Cabernet","price":"$458.86"},
{"id":171,"name":"Cake Circle, Paprus","price":"$860.30"},
{"id":172,"name":"Lobak","price":"$769.75"},
{"id":173,"name":"Pepsi - Diet, 355 Ml","price":"$377.88"},
{"id":174,"name":"Bacon Strip Precooked","price":"$537.72"},
{"id":175,"name":"Tabasco Sauce, 2 Oz","price":"$153.73"},
{"id":176,"name":"Whmis Spray Bottle Graduated","price":"$339.81"},
{"id":177,"name":"Pepsi, 355 Ml","price":"$445.32"},
{"id":178,"name":"Gingerale - Diet - Schweppes","price":"$963.65"},
{"id":179,"name":"Crackers - Trio","price":"$513.77"},
{"id":180,"name":"Vermouth - Sweet, Cinzano","price":"$371.04"},
{"id":181,"name":"Lettuce - Mini Greens, Whole","price":"$602.30"},
{"id":182,"name":"Cake - Lemon Chiffon","price":"$353.55"},
{"id":183,"name":"Chicken - Livers","price":"$634.31"},
{"id":184,"name":"Water, Tap","price":"$425.31"},
{"id":185,"name":"Chicken - White Meat, No Tender","price":"$132.71"},
{"id":186,"name":"Chocolate Bar - Reese Pieces","price":"$659.80"},
{"id":187,"name":"Tea - Green","price":"$399.82"},
{"id":188,"name":"Coconut - Whole","price":"$610.05"},
{"id":189,"name":"Irish Cream - Butterscotch","price":"$936.68"},
{"id":190,"name":"Foil - Round Foil","price":"$148.44"},
{"id":191,"name":"Soup - Beef, Base Mix","price":"$718.03"},
{"id":192,"name":"Trout - Smoked","price":"$619.13"},
{"id":193,"name":"Pastry - Banana Tea Loaf","price":"$966.50"},
{"id":194,"name":"Cheese - Marble","price":"$240.02"},
{"id":195,"name":"Muffin Hinge Container 6","price":"$178.35"},
{"id":196,"name":"Rhubarb","price":"$863.70"},
{"id":197,"name":"Herb Du Provence - Primerba","price":"$685.62"},
{"id":198,"name":"Mushroom - Crimini","price":"$787.91"},
{"id":199,"name":"Juice - Orange","price":"$996.73"},
{"id":200,"name":"Parsley - Fresh","price":"$87.89"},
{"id":201,"name":"Island Oasis - Sweet And Sour Mix","price":"$174.49"},
{"id":202,"name":"Wine - Magnotta, Merlot Sr Vqa","price":"$74.06"},
{"id":203,"name":"Vector Energy Bar","price":"$378.23"},
{"id":204,"name":"Compound - Pear","price":"$209.20"},
{"id":205,"name":"Napkin White","price":"$291.62"},
{"id":206,"name":"Ecolab - Balanced Fusion","price":"$316.04"},
{"id":207,"name":"Cheese - Cream Cheese","price":"$44.99"},
{"id":208,"name":"Water - Perrier","price":"$615.80"},
{"id":209,"name":"Cocoa Feuilletine","price":"$494.25"},
{"id":210,"name":"Halibut - Steaks","price":"$685.60"},
{"id":211,"name":"Squash - Acorn","price":"$980.55"},
{"id":212,"name":"Cheese Cloth No 100","price":"$721.44"},
{"id":213,"name":"Glass - Juice Clear 5oz 55005","price":"$334.92"},
{"id":214,"name":"Filter - Coffee","price":"$600.26"},
{"id":215,"name":"Wine - Alsace Riesling Reserve","price":"$766.12"},
{"id":216,"name":"Graham Cracker Mix","price":"$888.74"},
{"id":217,"name":"Lettuce - Escarole","price":"$953.35"},
{"id":218,"name":"Muffin Mix - Banana Nut","price":"$684.63"},
{"id":219,"name":"Ecolab - Mikroklene 4/4 L","price":"$566.65"},
{"id":220,"name":"Wine - Chianti Classica Docg","price":"$189.48"},
{"id":221,"name":"Plastic Arrow Stir Stick","price":"$475.61"},
{"id":222,"name":"Soup - Knorr, Ministrone","price":"$151.52"},
{"id":223,"name":"Sour Cream","price":"$961.39"},
{"id":224,"name":"Amaretto","price":"$888.00"},
{"id":225,"name":"Hinge W Undercut","price":"$319.31"},
{"id":226,"name":"Beef Tenderloin Aaa","price":"$537.44"},
{"id":227,"name":"Sprouts - Brussel","price":"$319.74"},
{"id":228,"name":"Bread - Hot Dog Buns","price":"$244.50"},
{"id":229,"name":"Beer - Rickards Red","price":"$618.61"},
{"id":230,"name":"Onions - White","price":"$86.52"},
{"id":231,"name":"Cream - 18%","price":"$463.62"},
{"id":232,"name":"Tahini Paste","price":"$985.97"},
{"id":233,"name":"Tea - Green","price":"$907.22"},
{"id":234,"name":"Steamers White","price":"$34.41"},
{"id":235,"name":"Orange - Canned, Mandarin","price":"$194.56"},
{"id":236,"name":"Oil - Olive","price":"$458.30"},
{"id":237,"name":"Noodles - Steamed Chow Mein","price":"$557.91"},
{"id":238,"name":"Soup Campbells","price":"$530.86"},
{"id":239,"name":"Mushroom - Morel Frozen","price":"$333.86"},
{"id":240,"name":"Soup - Chicken And Wild Rice","price":"$210.53"},
{"id":241,"name":"Cod - Black Whole Fillet","price":"$258.77"},
{"id":242,"name":"Vodka - Hot, Lnferno","price":"$151.16"},
{"id":243,"name":"Wine - Shiraz South Eastern","price":"$801.96"},
{"id":244,"name":"Cheese Cloth No 100","price":"$240.48"},
{"id":245,"name":"Apple - Macintosh","price":"$128.42"},
{"id":246,"name":"Soup - Campbells Pasta Fagioli","price":"$870.40"},
{"id":247,"name":"Sour Puss - Tangerine","price":"$465.68"},
{"id":248,"name":"French Kiss Vanilla","price":"$429.60"},
{"id":249,"name":"Garam Marsala","price":"$794.14"},
{"id":250,"name":"Ice - Clear, 300 Lb For Carving","price":"$230.38"},
{"id":251,"name":"Steel Wool S.o.s","price":"$654.59"},
{"id":252,"name":"Beer - Mill St Organic","price":"$131.93"},
{"id":253,"name":"Pepsi, 355 Ml","price":"$860.65"},
{"id":254,"name":"Mace","price":"$668.77"},
{"id":255,"name":"Wheat - Soft Kernal Of Wheat","price":"$444.35"},
{"id":256,"name":"Flower - Carnations","price":"$414.74"},
{"id":257,"name":"Roe - Lump Fish, Black","price":"$152.63"},
{"id":258,"name":"Gatorade - Xfactor Berry","price":"$405.39"},
{"id":259,"name":"Pasta - Penne, Lisce, Dry","price":"$171.22"},
{"id":260,"name":"Latex Rubber Gloves Size 9","price":"$641.17"},
{"id":261,"name":"Squeeze Bottle","price":"$964.39"},
{"id":262,"name":"Rice - 7 Grain Blend","price":"$554.59"},
{"id":263,"name":"Pur Source","price":"$761.36"},
{"id":264,"name":"Coffee Decaf Colombian","price":"$119.01"},
{"id":265,"name":"Cilantro / Coriander - Fresh","price":"$893.33"},
{"id":266,"name":"Greens Mustard","price":"$347.41"},
{"id":267,"name":"Beef - Kindney, Whole","price":"$922.73"},
{"id":268,"name":"Compound - Raspberry","price":"$115.55"},
{"id":269,"name":"Chocolate - Unsweetened","price":"$586.93"},
{"id":270,"name":"Tray - Foam, Square 4 - S","price":"$590.45"},
{"id":271,"name":"Milk - Skim","price":"$358.22"},
{"id":272,"name":"Puree - Mocha","price":"$688.00"},
{"id":273,"name":"Orange - Canned, Mandarin","price":"$400.64"},
{"id":274,"name":"Wine - Beringer Founders Estate","price":"$443.29"},
{"id":275,"name":"Pear - Prickly","price":"$311.22"},
{"id":276,"name":"Crush - Cream Soda","price":"$442.98"},
{"id":277,"name":"Appetizer - Escargot Puff","price":"$70.16"},
{"id":278,"name":"Muffin Hinge - 211n","price":"$477.99"},
{"id":279,"name":"Nut - Pistachio, Shelled","price":"$409.97"},
{"id":280,"name":"Savory","price":"$558.79"},
{"id":281,"name":"Shrimp - Baby, Cold Water","price":"$26.99"},
{"id":282,"name":"Coke - Classic, 355 Ml","price":"$320.92"},
{"id":283,"name":"Container - Clear 16 Oz","price":"$451.11"},
{"id":284,"name":"Pork Salted Bellies","price":"$579.65"},
{"id":285,"name":"Bacardi Raspberry","price":"$330.24"},
{"id":286,"name":"Kolrabi","price":"$156.03"},
{"id":287,"name":"Napkin Colour","price":"$691.07"},
{"id":288,"name":"Soup - Campbells Mac N Cheese","price":"$549.77"},
{"id":289,"name":"Juice - Happy Planet","price":"$118.52"},
{"id":290,"name":"Beans - Long, Chinese","price":"$238.06"},
{"id":291,"name":"Pork - Inside","price":"$875.64"},
{"id":292,"name":"Mushroom - Enoki, Dry","price":"$44.29"},
{"id":293,"name":"Bread Base - Gold Formel","price":"$159.22"},
{"id":294,"name":"Roe - White Fish","price":"$626.47"},
{"id":295,"name":"Graham Cracker Mix","price":"$111.78"},
{"id":296,"name":"Pasta - Fettuccine, Egg, Fresh","price":"$98.63"},
{"id":297,"name":"Sugar - Cubes","price":"$195.53"},
{"id":298,"name":"Chilli Paste, Ginger Garlic","price":"$485.60"},
{"id":299,"name":"Pork - Bacon,back Peameal","price":"$33.10"},
{"id":300,"name":"Wine - Fume Blanc Fetzer","price":"$892.59"},
{"id":301,"name":"Pineapple - Canned, Rings","price":"$446.39"},
{"id":302,"name":"Soup - Cream Of Potato / Leek","price":"$524.43"},
{"id":303,"name":"Garbage Bag - Clear","price":"$360.42"},
{"id":304,"name":"Sauce - Gravy, Au Jus, Mix","price":"$68.71"},
{"id":305,"name":"Soup Campbells","price":"$647.98"},
{"id":306,"name":"Thyme - Dried","price":"$231.22"},
{"id":307,"name":"Wine - Red, Cooking","price":"$748.30"},
{"id":308,"name":"Egg Patty Fried","price":"$428.18"},
{"id":309,"name":"Muffin - Bran Ind Wrpd","price":"$826.61"},
{"id":310,"name":"Paper - Brown Paper Mini Cups","price":"$145.21"},
{"id":311,"name":"Turnip - Wax","price":"$145.91"},
{"id":312,"name":"Coconut - Shredded, Sweet","price":"$633.43"},
{"id":313,"name":"Squid - U - 10 Thailand","price":"$267.38"},
{"id":314,"name":"Appetizer - Shrimp Puff","price":"$136.31"},
{"id":315,"name":"Whmis - Spray Bottle Trigger","price":"$383.31"},
{"id":316,"name":"Nut - Peanut, Roasted","price":"$178.00"},
{"id":317,"name":"Table Cloth 62x120 White","price":"$179.53"},
{"id":318,"name":"Compound - Raspberry","price":"$940.40"},
{"id":319,"name":"Beer - Corona","price":"$241.65"},
{"id":320,"name":"Salami - Genova","price":"$628.34"},
{"id":321,"name":"Cranberry Foccacia","price":"$790.42"},
{"id":322,"name":"Wine - Alicanca Vinho Verde","price":"$351.17"},
{"id":323,"name":"Mushrooms - Honey","price":"$840.01"},
{"id":324,"name":"Chestnuts - Whole,canned","price":"$380.92"},
{"id":325,"name":"Table Cloth 91x91 Colour","price":"$360.11"},
{"id":326,"name":"Cheese - Goat With Herbs","price":"$723.08"},
{"id":327,"name":"Basil - Pesto Sauce","price":"$612.81"},
{"id":328,"name":"Chicken - White Meat With Tender","price":"$170.66"},
{"id":329,"name":"Orange Roughy 4/6 Oz","price":"$445.77"},
{"id":330,"name":"Tart Shells - Barquettes, Savory","price":"$274.10"},
{"id":331,"name":"Butter - Salted, Micro","price":"$777.51"},
{"id":332,"name":"Whmis - Spray Bottle Trigger","price":"$461.35"},
{"id":333,"name":"Doilies - 7, Paper","price":"$780.92"},
{"id":334,"name":"Blackberries","price":"$845.90"},
{"id":335,"name":"Cheese - Bocconcini","price":"$660.69"},
{"id":336,"name":"Jam - Apricot","price":"$378.89"},
{"id":337,"name":"Bag - Bread, White, Plain","price":"$223.60"},
{"id":338,"name":"Cake - Night And Day Choclate","price":"$217.04"},
{"id":339,"name":"Quail - Whole, Boneless","price":"$782.96"},
{"id":340,"name":"Vol Au Vents","price":"$102.42"},
{"id":341,"name":"Buttons","price":"$340.07"},
{"id":342,"name":"Veal - Liver","price":"$113.68"},
{"id":343,"name":"Mousse - Banana Chocolate","price":"$508.91"},
{"id":344,"name":"Tequila - Sauza Silver","price":"$375.29"},
{"id":345,"name":"Fish - Artic Char, Cold Smoked","price":"$869.66"},
{"id":346,"name":"Pork - Hock And Feet Attached","price":"$706.58"},
{"id":347,"name":"Wine - Cotes Du Rhone","price":"$65.20"},
{"id":348,"name":"Soup - Campbells Pasta Fagioli","price":"$507.25"},
{"id":349,"name":"Magnotta Bel Paese Red","price":"$91.23"},
{"id":350,"name":"Contreau","price":"$17.39"},
{"id":351,"name":"Marjoram - Fresh","price":"$518.66"},
{"id":352,"name":"Bread Base - Goodhearth","price":"$646.49"},
{"id":353,"name":"Napkin - Beverage 1 Ply","price":"$165.39"},
{"id":354,"name":"Lamb - Whole, Fresh","price":"$437.67"},
{"id":355,"name":"Sausage - Meat","price":"$688.60"},
{"id":356,"name":"Lotus Root","price":"$388.87"},
{"id":357,"name":"Broom And Brush Rack Black","price":"$227.22"},
{"id":358,"name":"Roe - Flying Fish","price":"$165.13"},
{"id":359,"name":"Dc - Sakura Fu","price":"$572.45"},
{"id":360,"name":"Pork - Bacon Cooked Slcd","price":"$341.24"},
{"id":361,"name":"Beer - Tetleys","price":"$759.60"},
{"id":362,"name":"Sea Urchin","price":"$398.94"},
{"id":363,"name":"Soup - Cream Of Broccoli","price":"$662.73"},
{"id":364,"name":"Filling - Mince Meat","price":"$42.47"},
{"id":365,"name":"Pears - Bartlett","price":"$400.93"},
{"id":366,"name":"Kellogs Raisan Bran Bars","price":"$353.96"},
{"id":367,"name":"Steel Wool","price":"$576.37"},
{"id":368,"name":"Water - Spring 1.5lit","price":"$226.69"},
{"id":369,"name":"Cheese - Swiss","price":"$408.94"},
{"id":370,"name":"Filo Dough","price":"$382.48"},
{"id":371,"name":"Alize Red Passion","price":"$829.16"},
{"id":372,"name":"Dry Ice","price":"$77.32"},
{"id":373,"name":"Bread - Italian Roll With Herbs","price":"$885.54"},
{"id":374,"name":"Tuna - Canned, Flaked, Light","price":"$852.63"},
{"id":375,"name":"Oil - Grapeseed Oil","price":"$141.43"},
{"id":376,"name":"Cake Circle, Foil, Scallop","price":"$615.38"},
{"id":377,"name":"Toamtoes 6x7 Select","price":"$468.67"},
{"id":378,"name":"Lamb Shoulder Boneless Nz","price":"$634.26"},
{"id":379,"name":"Beef Flat Iron Steak","price":"$481.75"},
{"id":380,"name":"Juice - Orangina","price":"$614.18"},
{"id":381,"name":"Emulsifier","price":"$349.92"},
{"id":382,"name":"Flour Pastry Super Fine","price":"$735.26"},
{"id":383,"name":"Cheese Cloth","price":"$507.99"},
{"id":384,"name":"Squeeze Bottle","price":"$46.36"},
{"id":385,"name":"Pastry - Plain Baked Croissant","price":"$239.08"},
{"id":386,"name":"Food Colouring - Blue","price":"$113.35"},
{"id":387,"name":"Chicken - Diced, Cooked","price":"$295.08"},
{"id":388,"name":"Sauce - Soya, Dark","price":"$106.31"},
{"id":389,"name":"Basil - Seedlings Cookstown","price":"$391.95"},
{"id":390,"name":"Tea - Orange Pekoe","price":"$891.11"},
{"id":391,"name":"Sauce - Gravy, Au Jus, Mix","price":"$244.59"},
{"id":392,"name":"Sardines","price":"$448.36"},
{"id":393,"name":"Cheese - Woolwich Goat, Log","price":"$140.03"},
{"id":394,"name":"Vinegar - White Wine","price":"$62.52"},
{"id":395,"name":"Napkin Colour","price":"$319.68"},
{"id":396,"name":"Pepper - Chilli Seeds Mild","price":"$92.79"},
{"id":397,"name":"Rappini - Andy Boy","price":"$27.95"},
{"id":398,"name":"Cornstarch","price":"$610.71"},
{"id":399,"name":"Pepper - Roasted Red","price":"$120.96"},
{"id":400,"name":"Pate - Peppercorn","price":"$877.84"},
{"id":401,"name":"Pie Pecan","price":"$211.31"},
{"id":402,"name":"Lemon Grass","price":"$945.70"},
{"id":403,"name":"Lid - 3oz Med Rec","price":"$438.00"},
{"id":404,"name":"Wine - Pinot Grigio Collavini","price":"$754.18"},
{"id":405,"name":"Pepper - Paprika, Hungarian","price":"$171.60"},
{"id":406,"name":"Vinegar - Champagne","price":"$486.87"},
{"id":407,"name":"Table Cloth 53x69 White","price":"$708.71"},
{"id":408,"name":"Hummus - Spread","price":"$241.83"},
{"id":409,"name":"Scallop - St. Jaques","price":"$774.29"},
{"id":410,"name":"Bread - Olive Dinner Roll","price":"$978.84"},
{"id":411,"name":"Pepper - Black, Whole","price":"$618.31"},
{"id":412,"name":"Tart Shells - Sweet, 2","price":"$254.76"},
{"id":413,"name":"Nut - Pine Nuts, Whole","price":"$925.87"},
{"id":414,"name":"Table Cloth 120 Round White","price":"$694.22"},
{"id":415,"name":"Stock - Veal, Brown","price":"$500.40"},
{"id":416,"name":"Yogurt - Assorted Pack","price":"$522.66"},
{"id":417,"name":"Dill - Primerba, Paste","price":"$641.08"},
{"id":418,"name":"Lamb - Whole Head Off,nz","price":"$307.12"},
{"id":419,"name":"Chips Potato All Dressed - 43g","price":"$491.79"},
{"id":420,"name":"Bowl 12 Oz - Showcase 92012","price":"$686.13"},
{"id":421,"name":"Pears - Bosc","price":"$228.77"},
{"id":422,"name":"Wine - Bourgogne 2002, La","price":"$236.80"},
{"id":423,"name":"Apple - Delicious, Red","price":"$26.76"},
{"id":424,"name":"Capon - Breast, Wing On","price":"$185.48"},
{"id":425,"name":"Basil - Seedlings Cookstown","price":"$301.92"},
{"id":426,"name":"Foie Gras","price":"$535.50"},
{"id":427,"name":"Cheese - Brie, Triple Creme","price":"$661.58"},
{"id":428,"name":"Crackers Cheez It","price":"$884.70"},
{"id":429,"name":"White Fish - Filets","price":"$934.56"},
{"id":430,"name":"Wine - Marlbourough Sauv Blanc","price":"$867.49"},
{"id":431,"name":"Sausage - Blood Pudding","price":"$885.59"},
{"id":432,"name":"Pastry - Cheese Baked Scones","price":"$199.07"},
{"id":433,"name":"Caviar - Salmon","price":"$169.02"},
{"id":434,"name":"Lettuce - Radicchio","price":"$943.31"},
{"id":435,"name":"Tilapia - Fillets","price":"$75.45"},
{"id":436,"name":"Ham - Procutinni","price":"$606.23"},
{"id":437,"name":"Chef Hat 20cm","price":"$825.32"},
{"id":438,"name":"Sauce - Fish 25 Ozf Bottle","price":"$449.26"},
{"id":439,"name":"Cocoa Butter","price":"$970.05"},
{"id":440,"name":"Doilies - 5, Paper","price":"$219.79"},
{"id":441,"name":"Tomato - Tricolor Cherry","price":"$261.91"},
{"id":442,"name":"Crab - Blue, Frozen","price":"$416.04"},
{"id":443,"name":"Veal - Kidney","price":"$843.76"},
{"id":444,"name":"Compound - Rum","price":"$206.47"},
{"id":445,"name":"Lettuce - Boston Bib","price":"$840.84"},
{"id":446,"name":"Scotch - Queen Anne","price":"$236.37"},
{"id":447,"name":"Arizona - Plum Green Tea","price":"$610.93"},
{"id":448,"name":"Sausage - Breakfast","price":"$330.93"},
{"id":449,"name":"Beer - Corona","price":"$672.19"},
{"id":450,"name":"Cheese - Manchego, Spanish","price":"$855.71"},
{"id":451,"name":"Pur Source","price":"$658.97"},
{"id":452,"name":"Vermouth - Sweet, Cinzano","price":"$650.25"},
{"id":453,"name":"Sugar - Fine","price":"$624.11"},
{"id":454,"name":"Tuna - Yellowfin","price":"$53.11"},
{"id":455,"name":"Fiddlehead - Frozen","price":"$612.71"},
{"id":456,"name":"Tea - Herbal Sweet Dreams","price":"$412.98"},
{"id":457,"name":"Bols Melon Liqueur","price":"$142.30"},
{"id":458,"name":"Pepper - Roasted Red","price":"$442.05"},
{"id":459,"name":"Liners - Banana, Paper","price":"$755.53"},
{"id":460,"name":"Pepper - Sorrano","price":"$306.97"},
{"id":461,"name":"Chicken - Tenderloin","price":"$625.60"},
{"id":462,"name":"Oil - Coconut","price":"$176.72"},
{"id":463,"name":"Cheese - Cheddarsliced","price":"$615.79"},
{"id":464,"name":"Mcgillicuddy Vanilla Schnap","price":"$185.72"},
{"id":465,"name":"Coffee - Almond Amaretto","price":"$898.05"},
{"id":466,"name":"Juice - Orange, 341 Ml","price":"$348.37"},
{"id":467,"name":"Pastry - Banana Tea Loaf","price":"$296.18"},
{"id":468,"name":"Croissant, Raw - Mini","price":"$88.08"},
{"id":469,"name":"Pepper - Green Thai","price":"$637.48"},
{"id":470,"name":"Chips - Assorted","price":"$264.18"},
{"id":471,"name":"Soup - Campbells Beef Strogonoff","price":"$792.42"},
{"id":472,"name":"Stock - Beef, White","price":"$594.20"},
{"id":473,"name":"Peppercorns - Green","price":"$8.32"},
{"id":474,"name":"Table Cloth 72x144 White","price":"$992.64"},
{"id":475,"name":"Chicken - Breast, 5 - 7 Oz","price":"$932.35"},
{"id":476,"name":"Monkfish - Fresh","price":"$421.22"},
{"id":477,"name":"Sloe Gin - Mcguinness","price":"$437.23"},
{"id":478,"name":"Apple - Granny Smith","price":"$945.02"},
{"id":479,"name":"Crab Meat Claw Pasteurise","price":"$293.74"},
{"id":480,"name":"Chicken - Thigh, Bone In","price":"$930.85"},
{"id":481,"name":"Chicken - Breast, 5 - 7 Oz","price":"$970.73"},
{"id":482,"name":"Beef - Diced","price":"$236.81"},
{"id":483,"name":"Venison - Racks Frenched","price":"$901.60"},
{"id":484,"name":"Tarragon - Primerba, Paste","price":"$899.98"},
{"id":485,"name":"Pasta - Agnolotti - Butternut","price":"$441.17"},
{"id":486,"name":"Soup Campbells","price":"$786.04"},
{"id":487,"name":"Fib N9 - Prague Powder","price":"$491.35"},
{"id":488,"name":"Sugar - Palm","price":"$59.76"},
{"id":489,"name":"Radish - Pickled","price":"$158.91"},
{"id":490,"name":"Flower - Commercial Spider","price":"$452.25"},
{"id":491,"name":"Foil - 4oz Custard Cup","price":"$763.14"},
{"id":492,"name":"Broom - Angled","price":"$240.20"},
{"id":493,"name":"Sparkling Wine - Rose, Freixenet","price":"$288.83"},
{"id":494,"name":"Longos - Cheese Tortellini","price":"$175.95"},
{"id":495,"name":"Tahini Paste","price":"$945.53"},
{"id":496,"name":"Mcgillicuddy Vanilla Schnap","price":"$761.99"},
{"id":497,"name":"Ketchup - Tomato","price":"$144.07"},
{"id":498,"name":"Bread - Pullman, Sliced","price":"$642.32"},
{"id":499,"name":"Lettuce - Sea / Sea Asparagus","price":"$856.48"},
{"id":500,"name":"Basil - Primerba, Paste","price":"$650.74"},
{"id":501,"name":"Tomatoes Tear Drop","price":"$373.40"},
{"id":502,"name":"Veal - Inside","price":"$970.50"},
{"id":503,"name":"Turnip - Mini","price":"$794.31"},
{"id":504,"name":"Cookies - Amaretto","price":"$453.05"},
{"id":505,"name":"Lettuce - Radicchio","price":"$644.54"},
{"id":506,"name":"Appetizer - Tarragon Chicken","price":"$12.25"},
{"id":507,"name":"Trout Rainbow Whole","price":"$931.41"},
{"id":508,"name":"Flavouring Vanilla Artificial","price":"$901.92"},
{"id":509,"name":"Sobe - Liz Blizz","price":"$316.87"},
{"id":510,"name":"Lamb - Rack","price":"$852.03"},
{"id":511,"name":"Shrimp - Black Tiger 26/30","price":"$663.07"},
{"id":512,"name":"Wine - Rosso Del Veronese Igt","price":"$841.32"},
{"id":513,"name":"Wine - Red, Wolf Blass, Yellow","price":"$85.73"},
{"id":514,"name":"Grapes - Red","price":"$525.06"},
{"id":515,"name":"Wine - Sicilia Igt Nero Avola","price":"$18.18"},
{"id":516,"name":"Wine - White, Antinore Orvieto","price":"$895.34"},
{"id":517,"name":"Snapple Lemon Tea","price":"$504.07"},
{"id":518,"name":"Beef - Bones, Marrow","price":"$458.61"},
{"id":519,"name":"Flavouring - Raspberry","price":"$592.47"},
{"id":520,"name":"Longos - Chicken Cordon Bleu","price":"$237.83"},
{"id":521,"name":"V8 - Tropical Blend","price":"$556.72"},
{"id":522,"name":"Kahlua","price":"$535.31"},
{"id":523,"name":"Compound - Raspberry","price":"$255.17"},
{"id":524,"name":"Pepper - Chilli Seeds Mild","price":"$561.53"},
{"id":525,"name":"Beef - Rouladin, Sliced","price":"$462.62"},
{"id":526,"name":"Island Oasis - Sweet And Sour Mix","price":"$919.08"},
{"id":527,"name":"Ecolab - Mikroklene 4/4 L","price":"$198.92"},
{"id":528,"name":"Sauce - Apple, Unsweetened","price":"$172.52"},
{"id":529,"name":"Energy Drink Red Bull","price":"$806.83"},
{"id":530,"name":"Garlic Powder","price":"$470.29"},
{"id":531,"name":"Sprouts - Baby Pea Tendrils","price":"$187.68"},
{"id":532,"name":"Spring Roll Veg Mini","price":"$590.61"},
{"id":533,"name":"Wine - Pinot Noir Stoneleigh","price":"$745.89"},
{"id":534,"name":"Veal - Leg, Provimi - 50 Lb Max","price":"$557.56"},
{"id":535,"name":"Veal - Inside","price":"$170.01"},
{"id":536,"name":"Wine - Vineland Estate Semi - Dry","price":"$25.83"},
{"id":537,"name":"Kohlrabi","price":"$868.17"},
{"id":538,"name":"Eggplant - Asian","price":"$907.28"},
{"id":539,"name":"Chicken - Base, Ultimate","price":"$33.43"},
{"id":540,"name":"Ham - Cooked Bayonne Tinned","price":"$278.45"},
{"id":541,"name":"Lettuce - Green Leaf","price":"$725.15"},
{"id":542,"name":"Ginger - Crystalized","price":"$683.13"},
{"id":543,"name":"Wine - Barossa Valley Estate","price":"$911.21"},
{"id":544,"name":"Rice - Basmati","price":"$772.54"},
{"id":545,"name":"Cauliflower","price":"$757.71"},
{"id":546,"name":"Langers - Mango Nectar","price":"$197.56"},
{"id":547,"name":"Squash - Guords","price":"$203.99"},
{"id":548,"name":"Cabbage - Nappa","price":"$70.55"},
{"id":549,"name":"Mushroom - Portebello","price":"$487.10"},
{"id":550,"name":"Spaghetti Squash","price":"$492.78"},
{"id":551,"name":"Lettuce - Lambs Mash","price":"$583.36"},
{"id":552,"name":"Pepper - Green, Chili","price":"$547.36"},
{"id":553,"name":"Sour Cream","price":"$980.71"},
{"id":554,"name":"Sage - Ground","price":"$840.83"},
{"id":555,"name":"Spice - Onion Powder Granulated","price":"$621.42"},
{"id":556,"name":"Potatoes - Fingerling 4 Oz","price":"$542.05"},
{"id":557,"name":"Red Cod Fillets - 225g","price":"$148.13"},
{"id":558,"name":"Juice - Orange, 341 Ml","price":"$611.02"},
{"id":559,"name":"Sultanas","price":"$883.11"},
{"id":560,"name":"Pie Filling - Pumpkin","price":"$524.62"},
{"id":561,"name":"Chinese Foods - Cantonese","price":"$542.09"},
{"id":562,"name":"Wine - Cotes Du Rhone","price":"$726.53"},
{"id":563,"name":"Food Colouring - Orange","price":"$296.59"},
{"id":564,"name":"Sauce - Sesame Thai Dressing","price":"$751.13"},
{"id":565,"name":"Grenadillo","price":"$197.79"},
{"id":566,"name":"Beef - Top Butt Aaa","price":"$241.26"},
{"id":567,"name":"Wine - Cava Aria Estate Brut","price":"$525.69"},
{"id":568,"name":"Wine - Sake","price":"$651.17"},
{"id":569,"name":"Wine - Touraine Azay - Le - Rideau","price":"$150.57"},
{"id":570,"name":"Wine - White, Cooking","price":"$83.30"},
{"id":571,"name":"Muffin Mix - Oatmeal","price":"$312.27"},
{"id":572,"name":"Sauce - Hp","price":"$437.79"},
{"id":573,"name":"Ecolab - Ster Bac","price":"$504.78"},
{"id":574,"name":"Flower - Daisies","price":"$8.78"},
{"id":575,"name":"Raspberries - Frozen","price":"$971.12"},
{"id":576,"name":"Truffle Cups - Red","price":"$999.09"},
{"id":577,"name":"Carrots - Mini, Stem On","price":"$944.56"},
{"id":578,"name":"Higashimaru Usukuchi Soy","price":"$681.27"},
{"id":579,"name":"Jam - Raspberry,jar","price":"$567.20"},
{"id":580,"name":"The Pop Shoppe - Black Cherry","price":"$310.45"},
{"id":581,"name":"Cup - 6oz, Foam","price":"$236.67"},
{"id":582,"name":"Shrimp - 16 - 20 Cooked, Peeled","price":"$491.73"},
{"id":583,"name":"Yogurt - Banana, 175 Gr","price":"$247.16"},
{"id":584,"name":"Soupcontfoam16oz 116con","price":"$268.13"},
{"id":585,"name":"Wine - White, Ej","price":"$102.71"},
{"id":586,"name":"Bacardi Raspberry","price":"$318.99"},
{"id":587,"name":"Wiberg Super Cure","price":"$459.86"},
{"id":588,"name":"Bread - Petit Baguette","price":"$149.89"},
{"id":589,"name":"Raspberries - Fresh","price":"$854.93"},
{"id":590,"name":"Peas Snow","price":"$539.99"},
{"id":591,"name":"Cookies - Fortune","price":"$566.23"},
{"id":592,"name":"Flounder - Fresh","price":"$232.50"},
{"id":593,"name":"Crab - Claws, Snow 16 - 24","price":"$739.10"},
{"id":594,"name":"Cheese - Mascarpone","price":"$689.74"},
{"id":595,"name":"Rye Special Old","price":"$729.57"},
{"id":596,"name":"Bread - Italian Sesame Poly","price":"$324.15"},
{"id":597,"name":"Wine - Chenin Blanc K.w.v.","price":"$678.08"},
{"id":598,"name":"Nantucket - Carrot Orange","price":"$637.36"},
{"id":599,"name":"Chocolate - Mi - Amere Semi","price":"$541.85"},
{"id":600,"name":"Flour - All Purpose","price":"$157.50"},
{"id":601,"name":"Lychee","price":"$478.41"},
{"id":602,"name":"Yokaline","price":"$925.61"},
{"id":603,"name":"Wine - Piper Heidsieck Brut","price":"$425.99"},
{"id":604,"name":"Lemonade - Mandarin, 591 Ml","price":"$408.21"},
{"id":605,"name":"Tomato Puree","price":"$300.89"},
{"id":606,"name":"Lamb - Loin, Trimmed, Boneless","price":"$682.46"},
{"id":607,"name":"Ice Cream - Super Sandwich","price":"$972.27"},
{"id":608,"name":"Lemon Balm - Fresh","price":"$401.75"},
{"id":609,"name":"Irish Cream - Butterscotch","price":"$346.77"},
{"id":610,"name":"Shrimp - 100 / 200 Cold Water","price":"$570.57"},
{"id":611,"name":"Star Anise, Whole","price":"$815.32"},
{"id":612,"name":"Squash - Acorn","price":"$241.17"},
{"id":613,"name":"Sauce - Marinara","price":"$570.58"},
{"id":614,"name":"Wine - White, Colubia Cresh","price":"$24.90"},
{"id":615,"name":"Flour - Cake","price":"$542.29"},
{"id":616,"name":"Vinegar - Tarragon","price":"$817.92"},
{"id":617,"name":"Beef - Chuck, Boneless","price":"$387.26"},
{"id":618,"name":"Anchovy Paste - 56 G Tube","price":"$562.61"},
{"id":619,"name":"Curry Paste - Green Masala","price":"$538.74"},
{"id":620,"name":"Napkin - Cocktail,beige 2 - Ply","price":"$833.93"},
{"id":621,"name":"Vinegar - Champagne","price":"$987.13"},
{"id":622,"name":"Carrots - Mini Red Organic","price":"$513.49"},
{"id":623,"name":"Brandy Cherry - Mcguinness","price":"$278.06"},
{"id":624,"name":"Longos - Greek Salad","price":"$917.38"},
{"id":625,"name":"Nut - Hazelnut, Whole","price":"$29.04"},
{"id":626,"name":"Foam Cup 6 Oz","price":"$596.68"},
{"id":627,"name":"Vinegar - Cider","price":"$427.72"},
{"id":628,"name":"Orange - Canned, Mandarin","price":"$399.14"},
{"id":629,"name":"Island Oasis - Mango Daiquiri","price":"$920.82"},
{"id":630,"name":"Otomegusa Dashi Konbu","price":"$279.99"},
{"id":631,"name":"Wine - Sake","price":"$363.67"},
{"id":632,"name":"Mustard - Seed","price":"$890.97"},
{"id":633,"name":"Eel Fresh","price":"$703.95"},
{"id":634,"name":"Wine - Barbera Alba Doc 2001","price":"$504.98"},
{"id":635,"name":"Cake - Dulce De Leche","price":"$644.27"},
{"id":636,"name":"Bread - Triangle White","price":"$242.06"},
{"id":637,"name":"Shrimp - 16 - 20 Cooked, Peeled","price":"$803.39"},
{"id":638,"name":"Potatoes - Yukon Gold 5 Oz","price":"$180.28"},
{"id":639,"name":"Pernod","price":"$208.45"},
{"id":640,"name":"Flour - Teff","price":"$323.84"},
{"id":641,"name":"Lemon Balm - Fresh","price":"$726.48"},
{"id":642,"name":"Dawn Professionl Pot And Pan","price":"$602.82"},
{"id":643,"name":"Cup Translucent 9 Oz","price":"$730.22"},
{"id":644,"name":"Fib N9 - Prague Powder","price":"$932.32"},
{"id":645,"name":"Thyme - Lemon, Fresh","price":"$528.14"},
{"id":646,"name":"Nut - Pistachio, Shelled","price":"$877.96"},
{"id":647,"name":"Mop Head - Cotton, 24 Oz","price":"$560.04"},
{"id":648,"name":"Flower - Potmums","price":"$480.29"},
{"id":649,"name":"Ostrich - Fan Fillet","price":"$787.60"},
{"id":650,"name":"Juice - Apple Cider","price":"$838.12"},
{"id":651,"name":"Tomato - Tricolor Cherry","price":"$373.41"},
{"id":652,"name":"Tea - Mint","price":"$372.92"},
{"id":653,"name":"Samosa - Veg","price":"$893.58"},
{"id":654,"name":"Vermouth - White, Cinzano","price":"$346.06"},
{"id":655,"name":"Potatoes - Peeled","price":"$820.37"},
{"id":656,"name":"Icecream Cone - Areo Chocolate","price":"$875.99"},
{"id":657,"name":"Fond - Chocolate","price":"$210.40"},
{"id":658,"name":"Rice Pilaf, Dry,package","price":"$389.18"},
{"id":659,"name":"Gatorade - Lemon Lime","price":"$658.83"},
{"id":660,"name":"Wine - Rhine Riesling Wolf Blass","price":"$655.68"},
{"id":661,"name":"Beer - Pilsner Urquell","price":"$322.32"},
{"id":662,"name":"Bread - Roll, Italian","price":"$473.37"},
{"id":663,"name":"Wine - Rosso Del Veronese Igt","price":"$683.74"},
{"id":664,"name":"Guinea Fowl","price":"$24.85"},
{"id":665,"name":"Tray - 16in Rnd Blk","price":"$218.88"},
{"id":666,"name":"Red Snapper - Fillet, Skin On","price":"$416.87"},
{"id":667,"name":"Maple Syrup","price":"$400.84"},
{"id":668,"name":"Veal - Round, Eye Of","price":"$855.27"},
{"id":669,"name":"Veal - Liver","price":"$558.87"},
{"id":670,"name":"Pepper - Green, Chili","price":"$664.42"},
{"id":671,"name":"Beer - Camerons Auburn","price":"$115.97"},
{"id":672,"name":"Peppercorns - Green","price":"$737.70"},
{"id":673,"name":"Cookies - Englishbay Wht","price":"$466.21"},
{"id":674,"name":"Banana Turning","price":"$110.90"},
{"id":675,"name":"Sambuca Cream","price":"$321.46"},
{"id":676,"name":"Beans - Navy, Dry","price":"$758.47"},
{"id":677,"name":"The Pop Shoppe - Lime Rickey","price":"$393.67"},
{"id":678,"name":"Cheese - St. Paulin","price":"$427.75"},
{"id":679,"name":"Ecolab Digiclean Mild Fm","price":"$505.65"},
{"id":680,"name":"Foam Cup 6 Oz","price":"$77.86"},
{"id":681,"name":"Wine - Cotes Du Rhone","price":"$701.39"},
{"id":682,"name":"Pastry - Baked Cinnamon Stick","price":"$956.58"},
{"id":683,"name":"Quail - Jumbo","price":"$293.55"},
{"id":684,"name":"Glass Clear 8 Oz","price":"$920.90"},
{"id":685,"name":"Roe - Lump Fish, Black","price":"$394.72"},
{"id":686,"name":"Veal - Striploin","price":"$417.73"},
{"id":687,"name":"Cod - Black Whole Fillet","price":"$471.25"},
{"id":688,"name":"Lettuce - Escarole","price":"$113.58"},
{"id":689,"name":"Carbonated Water - Peach","price":"$898.37"},
{"id":690,"name":"Flower - Leather Leaf Fern","price":"$144.08"},
{"id":691,"name":"Jam - Marmalade, Orange","price":"$577.51"},
{"id":692,"name":"Daves Island Stinger","price":"$841.22"},
{"id":693,"name":"Lamb - Bones","price":"$339.77"},
{"id":694,"name":"Tortillas - Flour, 10","price":"$850.81"},
{"id":695,"name":"General Purpose Trigger","price":"$771.00"},
{"id":696,"name":"Nori Sea Weed - Gold Label","price":"$215.48"},
{"id":697,"name":"Coffee - Dark Roast","price":"$388.19"},
{"id":698,"name":"Plastic Arrow Stir Stick","price":"$858.98"},
{"id":699,"name":"Cookies - Assorted","price":"$361.70"},
{"id":700,"name":"Kaffir Lime Leaves","price":"$403.78"},
{"id":701,"name":"Wine - Red, Gallo, Merlot","price":"$607.53"},
{"id":702,"name":"Teriyaki Sauce","price":"$403.99"},
{"id":703,"name":"Muffin Mix - Chocolate Chip","price":"$270.73"},
{"id":704,"name":"Shallots","price":"$757.02"},
{"id":705,"name":"Aromat Spice / Seasoning","price":"$691.23"},
{"id":706,"name":"Five Alive Citrus","price":"$858.62"},
{"id":707,"name":"Chicken - Breast, 5 - 7 Oz","price":"$252.88"},
{"id":708,"name":"Compound - Rum","price":"$567.45"},
{"id":709,"name":"Schnappes Peppermint - Walker","price":"$438.00"},
{"id":710,"name":"Bread - Sticks, Thin, Plain","price":"$88.11"},
{"id":711,"name":"Orange - Tangerine","price":"$401.22"},
{"id":712,"name":"Veal - Ground","price":"$995.18"},
{"id":713,"name":"Juice - Grape, White","price":"$217.31"},
{"id":714,"name":"Cake - Lemon Chiffon","price":"$107.21"},
{"id":715,"name":"Spice - Paprika","price":"$968.78"},
{"id":716,"name":"Cookie Dough - Chocolate Chip","price":"$205.64"},
{"id":717,"name":"Steampan - Lid For Half Size","price":"$95.98"},
{"id":718,"name":"Filter - Coffee","price":"$100.30"},
{"id":719,"name":"Brownies - Two Bite, Chocolate","price":"$557.39"},
{"id":720,"name":"Venison - Liver","price":"$194.43"},
{"id":721,"name":"Tea Leaves - Oolong","price":"$933.51"},
{"id":722,"name":"Ice Cream - Fudge Bars","price":"$764.77"},
{"id":723,"name":"Puree - Mango","price":"$823.09"},
{"id":724,"name":"Vinegar - Red Wine","price":"$141.01"},
{"id":725,"name":"Water - Evian 355 Ml","price":"$471.00"},
{"id":726,"name":"Peas - Frozen","price":"$192.83"},
{"id":727,"name":"Cheese - Asiago","price":"$141.81"},
{"id":728,"name":"Tomatoes - Orange","price":"$203.21"},
{"id":729,"name":"Mustard - Pommery","price":"$193.42"},
{"id":730,"name":"Duck - Fat","price":"$418.94"},
{"id":731,"name":"Dc Hikiage Hira Huba","price":"$644.09"},
{"id":732,"name":"Coriander - Ground","price":"$616.80"},
{"id":733,"name":"Lamb - Leg, Diced","price":"$540.37"},
{"id":734,"name":"Ice Cream Bar - Hageen Daz To","price":"$837.49"},
{"id":735,"name":"Island Oasis - Cappucino Mix","price":"$465.50"},
{"id":736,"name":"Water - Mineral, Carbonated","price":"$326.86"},
{"id":737,"name":"Wine - White, Riesling, Semi - Dry","price":"$730.91"},
{"id":738,"name":"Puff Pastry - Sheets","price":"$904.76"},
{"id":739,"name":"Brandy - Orange, Mc Guiness","price":"$698.65"},
{"id":740,"name":"Vinegar - Raspberry","price":"$133.11"},
{"id":741,"name":"Petite Baguette","price":"$947.71"},
{"id":742,"name":"Bread - Onion Focaccia","price":"$448.45"},
{"id":743,"name":"Pie Box - Cello Window 2.5","price":"$736.74"},
{"id":744,"name":"Wine - Hardys Bankside Shiraz","price":"$96.80"},
{"id":745,"name":"Plastic Wrap","price":"$73.14"},
{"id":746,"name":"Eggwhite Frozen","price":"$923.85"},
{"id":747,"name":"Mushroom - Chantrelle, Fresh","price":"$873.72"},
{"id":748,"name":"Okra","price":"$552.81"},
{"id":749,"name":"Mince Meat - Filling","price":"$33.04"},
{"id":750,"name":"Soup - Knorr, Chicken Noodle","price":"$706.47"},
{"id":751,"name":"Flower - Leather Leaf Fern","price":"$292.05"},
{"id":752,"name":"Figs","price":"$766.76"},
{"id":753,"name":"Lettuce - Romaine","price":"$236.75"},
{"id":754,"name":"Glass - Wine, Plastic, Clear 5 Oz","price":"$217.54"},
{"id":755,"name":"Table Cloth 72x144 White","price":"$31.32"},
{"id":756,"name":"Beef - Tongue, Fresh","price":"$738.14"},
{"id":757,"name":"Beans - Black Bean, Canned","price":"$530.59"},
{"id":758,"name":"Soup - Campbellschix Stew","price":"$659.26"},
{"id":759,"name":"Bar Nature Valley","price":"$231.19"},
{"id":760,"name":"Nantucket - 518ml","price":"$164.18"},
{"id":761,"name":"Parsnip","price":"$787.27"},
{"id":762,"name":"Wine - Pinot Noir Stoneleigh","price":"$735.68"},
{"id":763,"name":"Pastry - Lemon Danish - Mini","price":"$211.96"},
{"id":764,"name":"Worcestershire Sauce","price":"$356.23"},
{"id":765,"name":"Corn Kernels - Frozen","price":"$340.01"},
{"id":766,"name":"Ranchero - Primerba, Paste","price":"$107.16"},
{"id":767,"name":"Garlic","price":"$771.38"},
{"id":768,"name":"Pasta - Lasagna Noodle, Frozen","price":"$432.84"},
{"id":769,"name":"Wine - White, Riesling, Henry Of","price":"$867.96"},
{"id":770,"name":"Oil - Food, Lacquer Spray","price":"$759.34"},
{"id":771,"name":"Grenadillo","price":"$600.40"},
{"id":772,"name":"Island Oasis - Lemonade","price":"$784.33"},
{"id":773,"name":"Hipnotiq Liquor","price":"$716.47"},
{"id":774,"name":"Soup Campbells Beef With Veg","price":"$243.29"},
{"id":775,"name":"Hand Towel","price":"$164.43"},
{"id":776,"name":"Cake - Night And Day Choclate","price":"$167.28"},
{"id":777,"name":"Salmon - Atlantic, No Skin","price":"$226.24"},
{"id":778,"name":"Sour Puss Raspberry","price":"$966.13"},
{"id":779,"name":"Seabream Whole Farmed","price":"$905.55"},
{"id":780,"name":"The Pop Shoppe - Black Cherry","price":"$819.30"},
{"id":781,"name":"Apple - Custard","price":"$795.31"},
{"id":782,"name":"Beer - Rickards Red","price":"$454.79"},
{"id":783,"name":"Cheese - Parmesan Grated","price":"$999.48"},
{"id":784,"name":"Tuna - Yellowfin","price":"$661.46"},
{"id":785,"name":"Island Oasis - Mango Daiquiri","price":"$522.72"},
{"id":786,"name":"Onions - Vidalia","price":"$659.74"},
{"id":787,"name":"Bonito Flakes - Toku Katsuo","price":"$121.19"},
{"id":788,"name":"Tea - Apple Green Tea","price":"$17.21"},
{"id":789,"name":"Crush - Grape, 355 Ml","price":"$468.39"},
{"id":790,"name":"Vermouth - White, Cinzano","price":"$734.99"},
{"id":791,"name":"Wine - Merlot Vina Carmen","price":"$678.13"},
{"id":792,"name":"Veal - Ground","price":"$500.78"},
{"id":793,"name":"Crab - Imitation Flakes","price":"$157.16"},
{"id":794,"name":"Sauce - Oyster","price":"$762.20"},
{"id":795,"name":"Butter - Pod","price":"$765.53"},
{"id":796,"name":"Brandy - Orange, Mc Guiness","price":"$789.72"},
{"id":797,"name":"Juice - Orange","price":"$469.85"},
{"id":798,"name":"Molasses - Fancy","price":"$722.44"},
{"id":799,"name":"Truffle Paste","price":"$976.90"},
{"id":800,"name":"Cardamon Ground","price":"$480.64"},
{"id":801,"name":"Pickerel - Fillets","price":"$161.68"},
{"id":802,"name":"Seedlings - Mix, Organic","price":"$231.79"},
{"id":803,"name":"Mortadella","price":"$61.86"},
{"id":804,"name":"Veal - Kidney","price":"$970.39"},
{"id":805,"name":"Beef - Ox Tongue","price":"$841.75"},
{"id":806,"name":"Extract - Raspberry","price":"$368.28"},
{"id":807,"name":"Pepper - Red, Finger Hot","price":"$965.49"},
{"id":808,"name":"Wine - Red, Mosaic Zweigelt","price":"$34.22"},
{"id":809,"name":"Cherries - Bing, Canned","price":"$980.18"},
{"id":810,"name":"Muffin Batt - Carrot Spice","price":"$486.99"},
{"id":811,"name":"Capicola - Hot","price":"$772.57"},
{"id":812,"name":"Cornstarch","price":"$56.73"},
{"id":813,"name":"Sauce - Salsa","price":"$531.60"},
{"id":814,"name":"Pastry - Raisin Muffin - Mini","price":"$596.89"},
{"id":815,"name":"Muffin Batt - Choc Chk","price":"$374.27"},
{"id":816,"name":"Compound - Passion Fruit","price":"$224.44"},
{"id":817,"name":"Wine - Vineland Estate Semi - Dry","price":"$687.92"},
{"id":818,"name":"Table Cloth - 53x69 Colour","price":"$329.49"},
{"id":819,"name":"Thyme - Lemon, Fresh","price":"$531.81"},
{"id":820,"name":"Salt - Seasoned","price":"$490.95"},
{"id":821,"name":"Cheese - Mix","price":"$140.61"},
{"id":822,"name":"Paste - Black Olive","price":"$193.30"},
{"id":823,"name":"Tarragon - Fresh","price":"$161.12"},
{"id":824,"name":"Tray - 12in Rnd Blk","price":"$127.89"},
{"id":825,"name":"Shrimp - 100 / 200 Cold Water","price":"$78.57"},
{"id":826,"name":"Sour Puss - Tangerine","price":"$159.71"},
{"id":827,"name":"Pepsi - 600ml","price":"$943.46"},
{"id":828,"name":"Shichimi Togarashi Peppeers","price":"$497.54"},
{"id":829,"name":"Garam Marsala","price":"$537.19"},
{"id":830,"name":"Wine - Red, Black Opal Shiraz","price":"$121.60"},
{"id":831,"name":"Bread - Rosemary Focaccia","price":"$204.09"},
{"id":832,"name":"Nut - Pine Nuts, Whole","price":"$623.34"},
{"id":833,"name":"Monkfish - Fresh","price":"$37.19"},
{"id":834,"name":"Apple - Granny Smith","price":"$972.66"},
{"id":835,"name":"Seabream Whole Farmed","price":"$935.19"},
{"id":836,"name":"Pork - Bacon, Double Smoked","price":"$62.26"},
{"id":837,"name":"Salt And Pepper Mix - White","price":"$862.97"},
{"id":838,"name":"Dawn Professionl Pot And Pan","price":"$246.47"},
{"id":839,"name":"Chicken - Bones","price":"$667.61"},
{"id":840,"name":"Chocolate - Feathers","price":"$504.92"},
{"id":841,"name":"Shrimp - 16 - 20 Cooked, Peeled","price":"$247.87"},
{"id":842,"name":"Nantucket - Carrot Orange","price":"$382.70"},
{"id":843,"name":"Papayas","price":"$978.81"},
{"id":844,"name":"Sprouts - Alfalfa","price":"$114.43"},
{"id":845,"name":"Soup - Boston Clam Chowder","price":"$213.33"},
{"id":846,"name":"Ice Cream Bar - Hageen Daz To","price":"$288.42"},
{"id":847,"name":"Nectarines","price":"$812.71"},
{"id":848,"name":"Wakami Seaweed","price":"$242.76"},
{"id":849,"name":"Food Colouring - Pink","price":"$714.12"},
{"id":850,"name":"Ocean Spray - Ruby Red","price":"$398.62"},
{"id":851,"name":"Uniform Linen Charge","price":"$194.42"},
{"id":852,"name":"Chilli Paste, Sambal Oelek","price":"$302.82"},
{"id":853,"name":"Sauce - Rosee","price":"$669.45"},
{"id":854,"name":"Muffin Mix - Oatmeal","price":"$756.54"},
{"id":855,"name":"Cake - Mini Potato Pancake","price":"$969.78"},
{"id":856,"name":"Skewers - Bamboo","price":"$317.42"},
{"id":857,"name":"Venison - Striploin","price":"$136.89"},
{"id":858,"name":"Garbage Bags - Clear","price":"$126.08"},
{"id":859,"name":"Wine - White, Ej Gallo","price":"$264.91"},
{"id":860,"name":"Trout - Smoked","price":"$855.50"},
{"id":861,"name":"Oyster - In Shell","price":"$873.80"},
{"id":862,"name":"Milk - 2%","price":"$336.31"},
{"id":863,"name":"Oranges","price":"$996.16"},
{"id":864,"name":"Veal - Inside Round / Top, Lean","price":"$98.40"},
{"id":865,"name":"Onion - Dried","price":"$62.14"},
{"id":866,"name":"Arizona - Green Tea","price":"$934.35"},
{"id":867,"name":"Cocoa Powder - Natural","price":"$785.20"},
{"id":868,"name":"Pork - Loin, Center Cut","price":"$965.70"},
{"id":869,"name":"Sprouts - Brussel","price":"$239.05"},
{"id":870,"name":"Jello - Assorted","price":"$247.97"},
{"id":871,"name":"Potatoes - Yukon Gold 5 Oz","price":"$318.49"},
{"id":872,"name":"Vermacelli - Sprinkles, Assorted","price":"$304.02"},
{"id":873,"name":"Lamb - Whole, Fresh","price":"$737.73"},
{"id":874,"name":"Yucca","price":"$626.24"},
{"id":875,"name":"Chervil - Fresh","price":"$919.92"},
{"id":876,"name":"Bread - Onion Focaccia","price":"$846.56"},
{"id":877,"name":"Dried Cranberries","price":"$517.29"},
{"id":878,"name":"Spinach - Spinach Leaf","price":"$312.99"},
{"id":879,"name":"Beef - Salted","price":"$467.77"},
{"id":880,"name":"Wine - Duboeuf Beaujolais","price":"$349.00"},
{"id":881,"name":"Muffin Batt - Carrot Spice","price":"$600.96"},
{"id":882,"name":"Wine - Red, Metus Rose","price":"$657.66"},
{"id":883,"name":"Tea - Black Currant","price":"$157.48"},
{"id":884,"name":"Water - Evian 355 Ml","price":"$258.92"},
{"id":885,"name":"Sauce - Cranberry","price":"$416.71"},
{"id":886,"name":"Vacuum Bags 12x16","price":"$603.10"},
{"id":887,"name":"Pineapple - Regular","price":"$869.68"},
{"id":888,"name":"Iced Tea - Lemon, 340ml","price":"$234.33"},
{"id":889,"name":"Crackers - Soda / Saltins","price":"$802.49"},
{"id":890,"name":"Pumpkin - Seed","price":"$727.17"},
{"id":891,"name":"Pepper - Cubanelle","price":"$72.17"},
{"id":892,"name":"Truffle Cups - Brown","price":"$350.83"},
{"id":893,"name":"Coffee - Colombian, Portioned","price":"$322.08"},
{"id":894,"name":"Tuna - Sushi Grade","price":"$183.24"},
{"id":895,"name":"Doilies - 5, Paper","price":"$221.29"},
{"id":896,"name":"Foil - 4oz Custard Cup","price":"$954.24"},
{"id":897,"name":"Extract - Rum","price":"$851.53"},
{"id":898,"name":"Shrimp - 16 - 20 Cooked, Peeled","price":"$810.12"},
{"id":899,"name":"Wine - Red, Gallo, Merlot","price":"$224.15"},
{"id":900,"name":"Energy - Boo - Koo","price":"$102.29"},
{"id":901,"name":"Tomatoes - Orange","price":"$449.09"},
{"id":902,"name":"Wine - Black Tower Qr","price":"$635.76"},
{"id":903,"name":"Celery","price":"$394.54"},
{"id":904,"name":"Coffee Decaf Colombian","price":"$814.99"},
{"id":905,"name":"Kellogs Cereal In A Cup","price":"$264.33"},
{"id":906,"name":"Fish - Soup Base, Bouillon","price":"$472.85"},
{"id":907,"name":"Pail With Metal Handle 16l White","price":"$197.50"},
{"id":908,"name":"Pasta - Penne, Lisce, Dry","price":"$555.54"},
{"id":909,"name":"Sauce - Hollandaise","price":"$96.39"},
{"id":910,"name":"Beef - Short Loin","price":"$528.64"},
{"id":911,"name":"Initation Crab Meat","price":"$743.85"},
{"id":912,"name":"Oil - Peanut","price":"$959.38"},
{"id":913,"name":"Island Oasis - Peach Daiquiri","price":"$243.85"},
{"id":914,"name":"Beef - Tender Tips","price":"$823.69"},
{"id":915,"name":"Beer - Maudite","price":"$881.81"},
{"id":916,"name":"Cheese - Cheddar, Medium","price":"$374.47"},
{"id":917,"name":"Savory","price":"$953.39"},
{"id":918,"name":"Bread - Bistro White","price":"$379.31"},
{"id":919,"name":"Cocoa Powder - Natural","price":"$595.91"},
{"id":920,"name":"Pineapple - Golden","price":"$95.77"},
{"id":921,"name":"Chicken Breast Wing On","price":"$791.99"},
{"id":922,"name":"Snapple Raspberry Tea","price":"$104.01"},
{"id":923,"name":"Carroway Seed","price":"$272.19"},
{"id":924,"name":"Coffee - Flavoured","price":"$355.41"},
{"id":925,"name":"Stainless Steel Cleaner Vision","price":"$827.07"},
{"id":926,"name":"Absolut Citron","price":"$920.16"},
{"id":927,"name":"Wine - Lou Black Shiraz","price":"$816.23"},
{"id":928,"name":"Cookie - Dough Variety","price":"$575.50"},
{"id":929,"name":"Puree - Mocha","price":"$931.92"},
{"id":930,"name":"Island Oasis - Pina Colada","price":"$356.96"},
{"id":931,"name":"Potatoes - Mini Red","price":"$413.98"},
{"id":932,"name":"Wine - Two Oceans Sauvignon","price":"$369.48"},
{"id":933,"name":"Kellogs All Bran Bars","price":"$325.98"},
{"id":934,"name":"Bagel - Everything Presliced","price":"$334.81"},
{"id":935,"name":"Veal - Inside, Choice","price":"$13.64"},
{"id":936,"name":"Burger Veggie","price":"$399.37"},
{"id":937,"name":"Pie Filling - Cherry","price":"$305.45"},
{"id":938,"name":"Tea - Green","price":"$713.30"},
{"id":939,"name":"Gooseberry","price":"$170.08"},
{"id":940,"name":"Mikes Hard Lemonade","price":"$348.29"},
{"id":941,"name":"Soap - Hand Soap","price":"$347.22"},
{"id":942,"name":"Onions - Red","price":"$411.44"},
{"id":943,"name":"Mushroom - Lg - Cello","price":"$165.00"},
{"id":944,"name":"Wine - Alicanca Vinho Verde","price":"$866.49"},
{"id":945,"name":"Canadian Emmenthal","price":"$248.38"},
{"id":946,"name":"Bar Mix - Lime","price":"$129.98"},
{"id":947,"name":"Compound - Mocha","price":"$766.52"},
{"id":948,"name":"Wine - Magnotta - Red, Baco","price":"$175.75"},
{"id":949,"name":"Appetizer - Shrimp Puff","price":"$996.59"},
{"id":950,"name":"Mustard - Dijon","price":"$384.89"},
{"id":951,"name":"Artichoke - Hearts, Canned","price":"$568.65"},
{"id":952,"name":"Wine - Casillero Del Diablo","price":"$660.91"},
{"id":953,"name":"Yogurt - Peach, 175 Gr","price":"$925.21"},
{"id":954,"name":"Transfer Sheets","price":"$148.56"},
{"id":955,"name":"Coconut Milk - Unsweetened","price":"$23.25"},
{"id":956,"name":"Cream - 35%","price":"$772.81"},
{"id":957,"name":"Quail - Eggs, Fresh","price":"$387.31"},
{"id":958,"name":"Chinese Foods - Thick Noodles","price":"$153.51"},
{"id":959,"name":"Horseradish Root","price":"$770.55"},
{"id":960,"name":"Wine - Chablis J Moreau Et Fils","price":"$314.45"},
{"id":961,"name":"Snapple Raspberry Tea","price":"$543.13"},
{"id":962,"name":"Shrimp - 31/40","price":"$375.69"},
{"id":963,"name":"Scallops - 10/20","price":"$196.63"},
{"id":964,"name":"Muffin - Mix - Strawberry Rhubarb","price":"$818.75"},
{"id":965,"name":"Vol Au Vents","price":"$466.16"},
{"id":966,"name":"Goulash Seasoning","price":"$58.96"},
{"id":967,"name":"Soup - Campbells, Butternut","price":"$151.03"},
{"id":968,"name":"Star Fruit","price":"$845.34"},
{"id":969,"name":"Alize Gold Passion","price":"$685.03"},
{"id":970,"name":"Chocolate Eclairs","price":"$503.34"},
{"id":971,"name":"Spice - Onion Powder Granulated","price":"$750.19"},
{"id":972,"name":"Mountain Dew","price":"$66.55"},
{"id":973,"name":"Beef - Baby, Liver","price":"$244.50"},
{"id":974,"name":"Sping Loaded Cup Dispenser","price":"$241.16"},
{"id":975,"name":"Olives - Black, Pitted","price":"$879.51"},
{"id":976,"name":"Tomatoes - Vine Ripe, Red","price":"$422.56"},
{"id":977,"name":"Nut - Almond, Blanched, Sliced","price":"$955.35"},
{"id":978,"name":"Lettuce - Sea / Sea Asparagus","price":"$461.25"},
{"id":979,"name":"Milk - 2% 250 Ml","price":"$79.28"},
{"id":980,"name":"Napkin White - Starched","price":"$298.10"},
{"id":981,"name":"Icecream Bar - Del Monte","price":"$223.48"},
{"id":982,"name":"Bagel - Plain","price":"$370.24"},
{"id":983,"name":"Pasta - Cappellini, Dry","price":"$488.25"},
{"id":984,"name":"Cheese - Shred Cheddar / Mozza","price":"$889.52"},
{"id":985,"name":"Cake - Lemon Chiffon","price":"$616.25"},
{"id":986,"name":"Ice Cream - Turtles Stick Bar","price":"$749.40"},
{"id":987,"name":"Oil - Olive, Extra Virgin","price":"$158.13"},
{"id":988,"name":"Ham Black Forest","price":"$800.99"},
{"id":989,"name":"Chocolate - Dark Callets","price":"$295.94"},
{"id":990,"name":"Pickles - Gherkins","price":"$660.62"},
{"id":991,"name":"Bread - Bistro Sour","price":"$351.44"},
{"id":992,"name":"Bacardi Breezer - Strawberry","price":"$879.56"},
{"id":993,"name":"Lid - 0090 Clear","price":"$560.51"},
{"id":994,"name":"Duck - Fat","price":"$651.14"},
{"id":995,"name":"Salmon - Canned","price":"$651.93"},
{"id":996,"name":"Caviar - Salmon","price":"$780.95"},
{"id":997,"name":"Chicken - Bones","price":"$726.11"},
{"id":998,"name":"Dome Lid Clear P92008h","price":"$301.76"},
{"id":999,"name":"Jam - Raspberry","price":"$998.87"},
{"id":1000,"name":"Bread - Kimel Stick Poly","price":"$520.43"}]